uid,pagerank,deg_cent,close_cent,bet_cent,load_cent,avg_neigh_deg
49,0.0011093299704305008,0.07547169811320756,0.5026343519494204,5.70330329776729e-06,6.285538261579319e-06,220.25
59,0.008991914000107347,0.6373165618448637,0.726027397260274,0.038082526110452236,0.038054571937789376,112.52302631578948
293,0.006944125665733901,0.5471698113207547,0.6814285714285714,0.0175317255608891,0.01752206366102445,124.39463601532567
363,0.0037843440371517784,0.33333333333333337,0.5925465838509317,0.0012813257468863976,0.0012799470954005274,163.57232704402514
561,0.004427476626707438,0.3857442348008386,0.6091954022988506,0.0025897493660081657,0.0025923117121878776,144.32065217391303
655,0.005892382076186879,0.4255765199161426,0.6301188903566711,0.02089775214379033,0.020654640884779998,134.32512315270935
62,0.0044452586270952955,0.39832285115303984,0.6170763260025873,0.001706322778984666,0.0017031420607257473,152.7578947368421
73,0.0003817087537352629,0.006289308176100629,0.43245693563009974,0.0,0.0,265.6666666666667
213,0.002955703552702281,0.2536687631027254,0.5638297872340425,0.0004883195176106583,0.0004893118026342734,175.28925619834712
325,0.0014869259713245952,0.11320754716981132,0.5090715048025614,3.166747601510628e-05,3.349787138003838e-05,199.44444444444446
401,0.0011891115516850007,0.08385744234800839,0.5047619047619047,1.8065106651692258e-06,1.794803092242752e-06,221.95
425,0.001808227105773236,0.14465408805031446,0.5270718232044199,4.777729948970369e-05,4.866595108620078e-05,198.85507246376812
456,0.003198440284831955,0.2746331236897275,0.5705741626794258,0.0008605021845504553,0.0008619480471666691,169.0229007633588
796,0.0034842723986590555,0.30817610062893086,0.5845588235294118,0.0007318153689331597,0.0007261996460926145,168.34013605442178
322,0.00040523424781775284,0.008385744234800839,0.44003690036900367,0.0,0.0,256.5
460,0.0007252480041347137,0.0020964360587002098,0.27943760984182775,0.0,0.0,2.0
733,0.0009673618069872167,0.0041928721174004195,0.3874898456539399,0.0041928721174004195,0.004192872117400419,102.0
13,0.009059695991968628,0.6436058700209644,0.7349768875192604,0.03887701950542506,0.0388701392761427,112.99674267100977
145,0.003687996331175789,0.3060796645702306,0.5852760736196319,0.002284967869862162,0.002285034716049151,157.85616438356163
174,0.0013023626946913787,0.09224318658280922,0.5074468085106383,4.639009584166397e-05,4.9035081681485645e-05,197.3181818181818
177,0.001520857416441498,0.11111111111111112,0.5123523093447906,0.0002170727831757897,0.00023099492579582002,199.67924528301887
181,0.0026666269609355838,0.07756813417190776,0.4937888198757764,0.014619719659355476,0.015008706486686625,141.3783783783784
234,0.006157909464561018,0.5073375262054508,0.6625,0.011414050531281555,0.011424395239974586,128.30578512396696
254,0.0021824967435516785,0.18238993710691825,0.5389830508474577,0.00010558365525120327,0.00010612630905788796,191.8735632183908
262,0.0019517300151804988,0.15932914046121593,0.5341545352743561,3.666208710324958e-05,3.676675601774296e-05,206.67105263157896
268,0.005802405180026516,0.48427672955974843,0.6516393442622951,0.009161376737460732,0.009154516780103547,136.32034632034632
271,0.005969149987683905,0.5136268343815514,0.6643454038997214,0.007217321621989338,0.007193676571092989,131.56326530612245
279,0.004136391198554612,0.36268343815513626,0.6045627376425855,0.001926103175132812,0.0019257860623798826,155.4277456647399
297,0.0044169427288156295,0.389937106918239,0.6138996138996139,0.0022428825575434423,0.002235061472990383,152.8494623655914
299,0.004556940610048509,0.39622641509433965,0.6131105398457584,0.002834319587429813,0.0028389186904876143,146.46031746031747
320,0.002207993984689219,0.18448637316561844,0.5389830508474577,0.00010114211042381807,0.00010116897653127505,184.0568181818182
326,0.002790961467977051,0.24109014675052412,0.5611764705882353,0.00031182914379503806,0.0003111830251661001,180.50434782608696
336,0.00068197661055189,0.033542976939203356,0.48279352226720645,0.0,0.0,263.625
344,0.004136502954076225,0.35429769392033544,0.6022727272727273,0.002932037930117791,0.0029194173231416863,158.11242603550295
345,0.004870062631856332,0.4004192872117401,0.6202860858257477,0.006530882199217179,0.006495506472781488,147.87434554973822
360,0.00144815352117596,0.10901467505241091,0.5134553283100107,5.0309576800429035e-06,5.009515697914701e-06,217.17307692307693
429,0.00757888664498725,0.6205450733752621,0.7172932330827068,0.017205335344696954,0.017173955906228743,116.83108108108108
447,0.0023193658821059632,0.1949685534591195,0.5420454545454545,0.00014063311974575382,0.00014004271407035024,193.8709677419355
454,0.0031705868813394385,0.2788259958071279,0.5712574850299401,0.0004774280168314016,0.000477482463642701,170.01503759398497
488,0.0022817117509921466,0.1907756813417191,0.5420454545454545,0.00018646794176226255,0.00018778307298293536,185.72527472527472
493,0.0015969051447795467,0.12368972746331237,0.5179153094462541,2.824668651788941e-05,2.845159804433345e-05,201.42372881355934
535,0.0028719387403335506,0.24947589098532497,0.5618374558303887,0.0002779990883966816,0.00027766519563767004,177.49579831932772
553,0.0008405220340236429,0.050314465408805034,0.48133198789101916,4.1009577482556444e-07,4.100957748255643e-07,222.29166666666666
554,0.0017039859590991587,0.13417190775681342,0.5236004390779363,4.4638130500049225e-05,4.572661235340637e-05,204.140625
567,0.001672702222609598,0.12997903563941302,0.5224534501642936,2.948848330015816e-05,2.9696916358458252e-05,202.32258064516128
621,0.0015759922992752194,0.12159329140461217,0.517353579175705,3.5962613175061716e-05,3.682146909917836e-05,198.9655172413793
622,0.0029144331384540582,0.2557651991614256,0.5651658767772512,0.00024805821942233816,0.0002470200474425018,180.59016393442624
632,0.0015732690977194887,0.12159329140461217,0.521311475409836,1.0586408684292935e-05,1.0627269653237131e-05,218.3793103448276
634,0.0013737587117398729,0.050314465408805034,0.4887295081967213,0.004584413913662054,0.004648436589446618,168.875
650,0.004796781261101209,0.4025157232704403,0.6154838709677419,0.006582644762810213,0.0065836389170018505,146.19791666666666
660,0.0014762565490545995,0.11320754716981132,0.5031645569620253,2.1580834008439967e-05,2.1669460163287448e-05,196.0185185185185
727,0.0034889145610257624,0.3039832285115304,0.5831295843520783,0.0009985294440137437,0.001004177315115021,167.10344827586206
751,0.0013227440803689262,0.09643605870020965,0.5112540192926045,7.647691912638033e-06,7.716309028702795e-06,225.84782608695653
773,0.000760884260146397,0.041928721174004195,0.48773006134969327,0.0,0.0,239.7
788,0.002708110220814317,0.2348008385744235,0.5605170387779084,0.00015359866722728795,0.00015295649262782966,188.98214285714286
790,0.0014867362310401124,0.11320754716981132,0.5162337662337663,1.4638619663895604e-05,1.5156334406809671e-05,216.5185185185185
883,0.000917182938841092,0.05660377358490566,0.4963579604578564,5.475577018515603e-07,5.231689203689129e-07,248.92592592592592
26,0.001097989445161419,0.05870020964360587,0.48673469387755103,0.00019516566104462387,0.0002155550571058654,175.82142857142858
699,0.0007678014482911575,0.03773584905660378,0.4779559118236473,2.4945581327136398e-05,2.7409978860242053e-05,215.83333333333334
63,0.00043598679821015473,0.008385744234800839,0.4445479962721342,7.620894491480668e-06,8.899456924467569e-06,185.0
65,0.0008274325850607426,0.04821802935010482,0.49074074074074076,8.65896881049899e-07,8.766408613602486e-07,236.56521739130434
101,0.0003750663126786596,0.0020964360587002098,0.33079056865464634,0.0,0.0,37.0
141,0.0007954195354754124,0.023060796645702306,0.47181008902077154,0.0006390254070429404,0.0010523844059665366,161.54545454545453
338,0.0005318590353312006,0.020964360587002098,0.44704779756326146,0.0,0.0,207.2
505,0.001030438519288746,0.06918238993710692,0.4963579604578564,2.0386995693151798e-06,2.042060586893204e-06,221.66666666666666
248,0.00033514936228540694,0.0020964360587002098,0.39486754966887416,0.0,0.0,231.0
422,0.0004986866382465662,0.016771488469601678,0.46400778210116733,0.0,0.0,268.375
2,0.00039974463737367153,0.008385744234800839,0.399163179916318,1.2234103984011494e-07,1.2234103984011452e-07,153.75
144,0.004229449159419766,0.3647798742138365,0.6060991105463787,0.0029397699743661213,0.002926617392933032,154.79310344827587
5,0.0015451309969194368,0.11949685534591195,0.5145631067961165,3.086252126833984e-05,3.090850308325932e-05,198.40350877192984
44,0.003134162333806442,0.2788259958071279,0.5712574850299401,0.00025505360800793646,0.0002544030135466897,178.09022556390977
92,0.008133054033683399,0.639412997903564,0.7315950920245399,0.024358287771134732,0.024333513267314973,113.31147540983606
94,0.0074386065177967425,0.6142557651991615,0.7140718562874252,0.015568499882435671,0.01555570078716362,117.29692832764505
109,0.004064861893705118,0.3584905660377359,0.6015132408575031,0.0015052962329058864,0.0015000854572384927,153.71929824561403
178,0.0068477931788727756,0.5408805031446541,0.6824034334763949,0.017295201789195348,0.017264069342668102,127.40697674418605
194,0.0052717916070212254,0.4675052410901468,0.6428571428571429,0.0039053736720420337,0.0039004544225007096,137.99551569506727
222,0.007129612351759216,0.5681341719077568,0.6943231441048034,0.01745354501299261,0.017428777253415798,122.8929889298893
246,0.002174339089448739,0.18029350104821804,0.5383747178329571,0.00015626846127652147,0.00015903592701842657,190.48837209302326
249,0.00404735121186712,0.3584905660377359,0.6015132408575031,0.0014275949221258823,0.001422551031328477,156.01169590643275
286,0.0036593343514681317,0.3249475890985325,0.5903465346534653,0.0007802578813726413,0.0007784187208516156,165.48387096774192
308,0.00781575510590942,0.6226415094339623,0.7194570135746606,0.021518034763722688,0.02148837305424077,116.74074074074075
311,0.006223636040015243,0.5324947589098533,0.673728813559322,0.008420566340766981,0.008401312783232808,128.79527559055117
313,0.005660333661073899,0.48008385744234805,0.6516393442622951,0.009320391311446886,0.009098868130785677,136.93449781659388
374,0.0036985073645469345,0.3165618448637317,0.5881627620221949,0.0016857938422812457,0.0016914487444925632,162.67549668874173
378,0.008060733345906389,0.6100628930817611,0.7162162162162162,0.026660296414011776,0.026644071852870967,116.99312714776632
387,0.0049252578796714925,0.4339622641509434,0.6317880794701987,0.003322120017450775,0.0033165259406714087,143.36231884057972
407,0.004771433057828438,0.4276729559748428,0.6268068331143233,0.0024639694417712896,0.002458428957415888,146.64705882352942
417,0.005962781564169154,0.49056603773584906,0.6579310344827586,0.009573299717171465,0.009575002564890668,134.4957264957265
450,0.011635694950702158,0.7106918238993711,0.7681159420289855,0.07143363070994152,0.07149720102913522,103.33038348082596
497,0.0044073491061181365,0.3857442348008386,0.6123234916559692,0.0025981342793580547,0.002596876929530783,150.08695652173913
6,0.003704522026856504,0.31865828092243187,0.5852760736196319,0.0015400531974648875,0.0015431379178712501,155.86184210526315
10,0.0038684489233911093,0.3417190775681342,0.5940224159402242,0.001150147928318534,0.0011487399183573992,158.80981595092024
64,0.0050743887620284716,0.4528301886792453,0.640268456375839,0.0029703878756096027,0.0029676314835495317,143.99074074074073
72,0.00288215819006531,0.25157232704402516,0.5618374558303887,0.00026302932353491974,0.0002611228712308851,182.34166666666667
82,0.0025770278022114517,0.21802935010482183,0.5533642691415314,0.00033326386445772696,0.00033411866750029283,187.1153846153846
128,0.0035912999958848477,0.3165618448637317,0.5852760736196319,0.0008636306417062571,0.0008618929607336854,166.158940397351
160,0.0012787025675640106,0.09224318658280922,0.5096153846153846,6.857639842435388e-06,6.875594139501957e-06,221.8181818181818
184,0.005198005814741073,0.42348008385744235,0.6268068331143233,0.008476494142083514,0.008473986367466518,142.5891089108911
198,0.0036263941126655087,0.3207547169811321,0.585995085995086,0.0009138027784561046,0.0009145717705499278,160.30065359477123
232,0.000930845660715099,0.05870020964360587,0.49124613800205974,3.42059179816592e-07,3.420591798165914e-07,240.14285714285714
235,0.001103550549647472,0.07547169811320756,0.5010504201680672,2.1664451367881665e-07,2.1664451367881644e-07,229.86111111111111
292,0.002248451990000007,0.18658280922431866,0.5383747178329571,0.0001635025127904891,0.00016289253928109418,186.79775280898878
295,0.0038136474876953015,0.339622641509434,0.5910780669144982,0.0009711525629615862,0.0009717904354980547,159.97530864197532
301,0.005990553650460939,0.5157232704402516,0.6662011173184358,0.007710949665418469,0.007691339911816981,131.8252032520325
327,0.004723458712970334,0.4109014675052411,0.6186770428015564,0.003493703094642055,0.003500765337921715,144.57142857142858
379,0.004960819809886725,0.4318658280922432,0.6301188903566711,0.003702685785019795,0.0036976232412849123,144.01456310679612
380,0.0020324884396156644,0.16771488469601678,0.5294117647058824,8.785119288538792e-05,8.929993249402525e-05,187.35
389,0.004615866903134771,0.4025157232704403,0.6186770428015564,0.003027911636051969,0.0030216802839862196,148.52604166666666
406,0.005531161615161324,0.4758909853249476,0.6480978260869565,0.006395525631064126,0.006393228907068804,137.77092511013217
455,0.0035840395292231503,0.3144654088050315,0.5881627620221949,0.0009398965033595656,0.000933661748949654,168.7
458,0.0021587658406138546,0.17819706498951782,0.5402038505096263,8.501166567479326e-05,8.47884765483049e-05,199.48235294117646
500,0.0028272956277960483,0.24528301886792453,0.5611764705882353,0.00024741088040961825,0.0002473009459063269,185.69230769230768
533,0.00496511232278013,0.4339622641509434,0.6343085106382979,0.003776430591776653,0.0037640805714275246,144.91787439613526
592,0.005507111005415022,0.44654088050314467,0.6394101876675603,0.008191572807171898,0.00818656499248236,136.43661971830986
610,0.0005053622307469786,0.016771488469601678,0.4732142857142857,0.0,0.0,241.25
618,0.0035669642583791884,0.3144654088050315,0.5874384236453202,0.0008591621197487537,0.0008574984477173688,167.46
749,0.0036369251565758764,0.32704402515723274,0.5896168108776267,0.0005521582217052274,0.0005491709410036429,168.5897435897436
823,0.001984836992919419,0.16352201257861637,0.5311804008908686,3.388017822257972e-05,3.3989118797152714e-05,202.84615384615384
896,0.0018200965860517043,0.14675052410901468,0.5276548672566371,1.959577732450013e-05,1.9547864910401496e-05,213.72857142857143
56,0.00404023201807854,0.3584905660377359,0.5977443609022557,0.0014592851524300105,0.0014589459381302381,155.58479532163742
158,0.0033125527876130796,0.29140461215932917,0.5753920386007237,0.0006171646855279978,0.0006156122554102304,173.07194244604315
244,0.003675646592267024,0.32914046121593293,0.5925465838509317,0.0006382641331348753,0.0006335882836171865,168.93630573248407
250,0.001349280093319124,0.09853249475890986,0.5090715048025614,1.6378040671226926e-05,1.6467777693239102e-05,218.3404255319149
347,0.0030457391880691527,0.2641509433962264,0.5671819262782402,0.0004748245854307211,0.00047354099953183533,169.78571428571428
763,0.0009262713972673888,0.05870020964360587,0.49226006191950467,2.2471438326082394e-07,2.2471438326082468e-07,233.85714285714286
916,0.0009492622529822749,0.060796645702306085,0.49074074074074076,7.544325745506416e-07,7.292301443596355e-07,247.10344827586206
41,0.0003361608406446959,0.0020964360587002098,0.41878841088674273,0.0,0.0,297.0
216,0.0024211763977761962,0.20545073375262055,0.5489067894131185,0.00011417147183210776,0.00011333533963782448,192.20408163265307
394,0.0024017252764465206,0.20545073375262055,0.5432801822323462,0.0001139270949288287,0.00011304735328160631,180.12244897959184
654,0.0021736455957925894,0.18029350104821804,0.5341545352743561,0.00012729683344696362,0.00012716665454019907,184.8953488372093
805,0.001633602713654595,0.1278825995807128,0.5224534501642936,1.5942428083815724e-05,1.6104923120147556e-05,218.13114754098362
54,0.0005275796808151764,0.01886792452830189,0.45558739255014324,6.546005513681181e-07,6.546005513681178e-07,192.44444444444446
99,0.002006981772598552,0.14046121593291405,0.5264900662251656,0.0014045856950604806,0.0014605022209631471,186.32835820895522
624,0.0014190367749676732,0.0859538784067086,0.5047619047619047,0.0005473946648236824,0.0005983807957252649,193.4878048780488
83,0.002016861846315861,0.16352201257861637,0.5323660714285714,0.0001385606337539359,0.00014179468136400847,186.26923076923077
117,0.0010076252715020256,0.06498951781970651,0.4963579604578564,3.713032577631562e-06,3.6126417588619505e-06,222.70967741935485
125,0.002431433622445766,0.20335429769392036,0.5463917525773195,0.00028508318252280513,0.0002886885695683148,184.9278350515464
275,0.0010298550281979601,0.06918238993710692,0.4887295081967213,6.58698913530811e-06,6.758747433270389e-06,203.0
280,0.0038116998493305763,0.33542976939203356,0.5955056179775281,0.0011820066391071853,0.001177177533730624,159.96875
332,0.0025617576829122723,0.18867924528301888,0.5383747178329571,0.004345069677456295,0.003958432744156197,162.17777777777778
588,0.0017680304293524669,0.13836477987421383,0.5230263157894737,0.00011728592774971547,0.00012037932881810307,195.1818181818182
826,0.0007375631168777523,0.03773584905660378,0.48328267477203646,8.103045920663241e-06,8.486612313823937e-06,234.05555555555554
350,0.0007096539029783694,0.023060796645702306,0.46673189823874756,0.0003274695291331093,0.0005297571659399006,226.63636363636363
663,0.001930537022492901,0.12578616352201258,0.5247524752475248,0.004276319968024266,0.0042774038569726265,196.31666666666666
665,0.0019149037165536965,0.15513626834381553,0.5329608938547487,4.832341662084792e-05,4.850408977527905e-05,205.94594594594594
81,0.0003373385202317736,0.0020964360587002098,0.4176882661996497,0.0,0.0,291.0
459,0.0006648288369050794,0.02725366876310273,0.47604790419161674,2.104638067982202e-05,2.2617246876051554e-05,214.30769230769232
193,0.0009977875885739005,0.06498951781970651,0.4953271028037383,9.946700685978092e-07,9.97206961224345e-07,244.48387096774192
223,0.00048560152410139564,0.014675052410901468,0.468565815324165,0.0,0.0,280.57142857142856
251,0.0007178414362321334,0.03773584905660378,0.48230535894843274,5.626724741234335e-07,5.626724741234341e-07,237.77777777777777
541,0.0008500624302284964,0.050314465408805034,0.49074074074074076,8.78380853572213e-07,8.783808535722129e-07,240.625
560,0.000625663412328514,0.02725366876310273,0.47604790419161674,5.241498889393918e-06,6.1201461474450115e-06,256.15384615384613
684,0.0005748668286507292,0.023060796645702306,0.47843530591775324,0.0,0.0,290.90909090909093
756,0.0005006760693257612,0.016771488469601678,0.468565815324165,0.0,0.0,278.0
764,0.0008129364947603473,0.04612159329140461,0.48723186925434114,7.274593014730383e-07,7.274593014730372e-07,223.63636363636363
798,0.00083160668476816,0.04821802935010482,0.48773006134969327,6.641682875156918e-07,6.571462451862775e-07,248.43478260869566
807,0.0015651621215718096,0.11949685534591195,0.5196078431372549,4.363306819683159e-05,4.4314185070761074e-05,204.7017543859649
868,0.0006385585919854498,0.031446540880503145,0.46673189823874756,0.0,0.0,238.6
886,0.000981898086093756,0.06289308176100629,0.49739311783107404,2.0545181778639755e-06,2.141007371695158e-06,245.8
148,0.0005261154612929391,0.01886792452830189,0.4690265486725664,4.1479438269600876e-07,4.147943826960086e-07,241.33333333333334
243,0.0005190093869962196,0.01886792452830189,0.4653658536585366,0.0,0.0,268.3333333333333
478,0.0006181144859958411,0.02725366876310273,0.4798792756539235,0.0,0.0,256.0769230769231
97,0.0005307083689033645,0.020964360587002098,0.4512771996215705,0.0,0.0,230.6
106,0.0004086810104378071,0.008385744234800839,0.4534220532319392,0.0,0.0,293.5
274,0.0005731141968210812,0.023060796645702306,0.47557328015952144,0.0,0.0,266.27272727272725
486,0.0011963994766506997,0.06918238993710692,0.5036958817317846,0.00029652550718936333,0.0003254052547141106,186.5151515151515
703,0.0003363579860364052,0.0020964360587002098,0.40595744680851065,0.0,0.0,258.0
465,0.0005938712358898764,0.02725366876310273,0.44704779756326146,0.0,0.0,200.92307692307693
830,0.0007527735638132387,0.039832285115303984,0.49124613800205974,2.3461382185606735e-07,2.704380880676234e-07,258.05263157894734
411,0.0004002715562194508,0.008385744234800839,0.4368131868131868,0.0,0.0,263.5
630,0.00047505467880311683,0.014675052410901468,0.4560229445506692,0.0,0.0,229.85714285714286
710,0.00037730471843706,0.006289308176100629,0.416958041958042,0.0,0.0,229.66666666666666
569,0.0004364940451992394,0.010482180293501049,0.4483082706766917,0.0,0.0,219.8
1,0.005482806221447057,0.48218029350104824,0.6516393442622951,0.004705792920894414,0.00469297783247205,138.3304347826087
16,0.0025586232834338895,0.2159329140461216,0.547646383467279,0.0002681895126879624,0.00026872490779203845,173.2621359223301
18,0.005186737684990976,0.4339622641509434,0.6309523809523809,0.007850730414074575,0.007767561892121866,140.0096618357488
23,0.002833061707019905,0.24737945492662475,0.5605170387779084,0.0002171330406919808,0.00021711867968729224,181.27118644067798
25,0.0007766344465055081,0.04402515723270441,0.4842639593908629,4.166565760418274e-07,4.16656576041828e-07,229.33333333333334
42,0.003517277150074238,0.31236897274633124,0.583843329253366,0.0006107870071585787,0.0006080821567485764,166.04026845637583
43,0.004945237306357787,0.4318658280922432,0.6317880794701987,0.0035932040363245376,0.003611307329030555,145.7766990291262
58,0.002243674852693842,0.18658280922431866,0.5377677564825254,0.0001694408605121235,0.00017090773561327104,186.0561797752809
95,0.00498275464152181,0.4339622641509434,0.6309523809523809,0.004427624492853315,0.004422711409132227,147.54589371980677
96,0.0005665727140829644,0.023060796645702306,0.4732142857142857,0.0,0.0,278.72727272727275
130,0.0060987360686381486,0.41299790356394134,0.621903520208605,0.021293037443325235,0.021327249086444417,135.23350253807106
151,0.006366333450440299,0.5178197064989518,0.6662011173184358,0.012326736142175969,0.012311486708810158,129.63562753036436
189,0.002653058881691848,0.22641509433962265,0.5559440559440559,0.00026462781010786027,0.00026384932498424305,181.08333333333334
200,0.004483396211122432,0.36268343815513626,0.6007556675062973,0.006673523223866853,0.006678335050812422,149.97687861271677
210,0.003154981179778092,0.2788259958071279,0.5712574850299401,0.0003282344954640439,0.00032805935550295694,175.0375939849624
230,0.002104955293462006,0.1740041928721174,0.5335570469798657,9.186142024957813e-05,9.232663457079315e-05,187.90361445783134
253,0.0014498214769347866,0.10901467505241091,0.5162337662337663,1.0581091794646538e-05,1.0597129887262977e-05,216.19230769230768
256,0.0021399940162029206,0.1740041928721174,0.5347533632286996,0.00016519454402337503,0.00016700036708771674,179.19277108433735
263,0.002857279391608918,0.24737945492662475,0.5625,0.0003050821594822343,0.00030477832337235284,178.55084745762713
276,0.012283399895310998,0.7358490566037736,0.785831960461285,0.08229302092487617,0.08226659944346427,100.74074074074075
290,0.0028328888082035323,0.24528301886792453,0.5605170387779084,0.000362748855286743,0.0003634363978458364,174.0
291,0.004857506180290331,0.41928721174004197,0.621903520208605,0.0037352305295838156,0.0037392444341323703,143.29
296,0.002172789854765024,0.169811320754717,0.5359550561797752,0.0008019077505768507,0.000834939832162236,184.98765432098764
298,0.0029212080667981293,0.2536687631027254,0.5618374558303887,0.000347513404548638,0.00034821607280775417,174.83471074380165
303,0.009428383441183758,0.6813417190775681,0.7559429477020603,0.04143463714489128,0.041434603216160035,107.45846153846153
305,0.003404449255846582,0.2976939203354298,0.5781818181818181,0.0007719061041522695,0.0007721235220568933,165.16901408450704
307,0.0015685677548444828,0.11949685534591195,0.5134553283100107,0.00010100076520240283,0.00010628950952799775,203.7017543859649
312,0.0032229515614977285,0.2620545073375262,0.5671819262782402,0.0019325595661845029,0.0019619708761674554,163.336
339,0.0060465721728490286,0.5157232704402516,0.6652719665271967,0.007792379971651139,0.007782212724760736,130.71951219512195
343,0.005058479028861378,0.4276729559748428,0.6292875989445911,0.005651066534769736,0.005636208085188422,145.33823529411765
416,0.008507960938366668,0.5932914046121593,0.7077151335311572,0.03627540908900331,0.03623019588219783,117.69611307420494
435,0.006633378231089566,0.5513626834381552,0.6863309352517986,0.012092227891846406,0.01207580482193386,125.95057034220532
468,0.0025624180543611704,0.22012578616352202,0.5533642691415314,0.0001267040678360185,0.0001258965780264486,190.65714285714284
472,0.0031213838479321144,0.2620545073375262,0.5611764705882353,0.0010100422962771689,0.001021294524697127,155.296
479,0.004145650908987701,0.3689727463312369,0.6060991105463787,0.0015007844633468958,0.001493621603855824,156.53977272727272
484,0.002396985896147918,0.20335429769392036,0.5438996579247435,0.0001330530277027235,0.0001328646267888037,180.8041237113402
487,0.003919167160078246,0.3417190775681342,0.5918114143920595,0.0016872888718244084,0.0016937634782637555,157.2085889570552
503,0.0023802528729430436,0.19916142557651992,0.5463917525773195,0.00020007012359095675,0.00020082640630996644,183.2736842105263
508,0.0008637376789729274,0.052410901467505246,0.49023638232271327,0.0,0.0,237.56
514,0.003961170163673191,0.35220125786163525,0.6,0.0012669852890005284,0.001264269461236236,161.8452380952381
532,0.003093915556368773,0.2620545073375262,0.5651658767772512,0.0009829732816000701,0.0009864307396288197,165.16
545,0.0026879531559601006,0.23060796645702308,0.554006968641115,0.00032795637645332675,0.00032886527643537374,173.72727272727272
577,0.0027262683940518844,0.2368972746331237,0.5585480093676815,0.0001791310878713959,0.00017852561013728885,183.61061946902655
642,0.002319688463891064,0.1907756813417191,0.5383747178329571,0.00035149665612305424,0.00035953158095414195,176.54945054945054
643,0.003071372261830809,0.2725366876310273,0.5705741626794258,0.0002359306586740238,0.00023555504280076137,180.4
648,0.0033306991668066764,0.29559748427672955,0.5774818401937046,0.00047518617739229,0.00047278314386713555,170.65248226950354
715,0.0018907506391833426,0.1530398322851153,0.5288248337028825,5.617195829444438e-05,5.627685206096136e-05,199.94520547945206
716,0.00398676379639491,0.3480083857442348,0.5984943538268507,0.0018556716595722427,0.0018539921067879926,159.39156626506025
804,0.004193498332184399,0.37735849056603776,0.6091954022988506,0.0012555921955414763,0.0012488589174658121,157.6888888888889
864,0.0026571559779144304,0.23060796645702308,0.5559440559440559,0.00013019985737778244,0.0001290169140723253,187.3090909090909
314,0.0020930008072606527,0.16771488469601678,0.5329608938547487,0.0002162234496206377,0.0002202398666313039,176.475
330,0.0022666310074785263,0.18238993710691825,0.5359550561797752,0.0005128464987254253,0.0005316710911322122,171.10344827586206
381,0.0008963265835189411,0.05450733752620546,0.49584199584199584,1.7103990035899565e-07,1.7103990035899557e-07,247.03846153846155
523,0.0004530092447901409,0.012578616352201259,0.4551526717557252,0.0,0.0,251.16666666666666
38,0.00043024775729061024,0.010482180293501049,0.4364135407136322,0.0,0.0,194.8
77,0.0003792451968225063,0.006289308176100629,0.43482224247948953,0.0,0.0,268.6666666666667
89,0.0004024986931584791,0.008385744234800839,0.42857142857142855,0.0,0.0,211.0
287,0.0004635625370888453,0.012578616352201259,0.4617618586640852,0.0,0.0,277.0
324,0.0003656536117880654,0.0041928721174004195,0.41878841088674273,0.0,0.0,240.0
388,0.00034011359537796233,0.0020964360587002098,0.3837489943684634,0.0,0.0,197.0
705,0.0005231689944224249,0.01886792452830189,0.45777351247600767,0.0,0.0,202.77777777777777
897,0.0006470483493235009,0.029350104821802937,0.4852492370295015,3.03743271327182e-07,3.0374327132718156e-07,262.35714285714283
620,0.0003435409728435576,0.0020964360587002098,0.4404432132963989,0.0,0.0,351.0
676,0.00039777243502752595,0.006289308176100629,0.46400778210116733,0.0,0.0,332.3333333333333
697,0.0003655100869438017,0.0041928721174004195,0.44372093023255815,0.0,0.0,282.0
402,0.0004531867108617065,0.012578616352201259,0.45821325648414984,0.0,0.0,288.1666666666667
821,0.0003639897164936078,0.0041928721174004195,0.4408502772643253,0.0,0.0,304.0
357,0.0003393475477908562,0.0020964360587002098,0.4147826086956522,0.0,0.0,283.0
405,0.00337786916512859,0.29559748427672955,0.5802919708029197,0.0008639431798076933,0.0008590903804363531,170.79432624113474
653,0.002578892708606887,0.22222222222222224,0.5533642691415314,0.000172438959948179,0.00017280560863179326,184.85849056603774
774,0.0005156747491332358,0.01886792452830189,0.45042492917847027,2.0623203858762235e-07,2.062320385876216e-07,200.77777777777777
22,0.0015573333184456769,0.11949685534591195,0.5196078431372549,3.7684034262990625e-05,3.922655800936469e-05,206.6315789473684
495,0.0031259890096529235,0.2746331236897275,0.5685339690107271,0.00041432013389988253,0.00041511101172993594,168.98473282442748
201,0.005309609575729386,0.4507337526205451,0.6377005347593583,0.007817877771631723,0.007643240605216495,139.9860465116279
551,0.004185483053656931,0.35639412997903563,0.6022727272727273,0.002764932469883416,0.0027681300034803125,151.37058823529412
870,0.0012954656491157243,0.09433962264150944,0.5090715048025614,2.094152149700231e-06,2.055318039604791e-06,233.04444444444445
197,0.0013025809234592468,0.08805031446540881,0.5085287846481876,0.0001336617895182889,0.00014202218116979637,191.16666666666666
207,0.0045861810744488056,0.4004192872117401,0.6162790697674418,0.0026931384173119587,0.0026906190240186755,146.7958115183246
385,0.002468373313001807,0.20545073375262055,0.5426621160409556,0.000407655031448309,0.0004151261390336218,174.98979591836735
398,0.0031625732466060387,0.2788259958071279,0.5746987951807229,0.0003760623902220485,0.00037495209790057383,175.796992481203
399,0.0037677300682790018,0.32914046121593293,0.5910780669144982,0.0014581619530533599,0.0014622675790979245,154.23566878980893
521,0.0017499959566665447,0.14046121593291405,0.5123523093447906,5.414483322029868e-05,5.516043841236004e-05,184.38805970149255
543,0.0032699968419781372,0.29140461215932917,0.5733173076923077,0.0003763535385424924,0.000376354468920447,174.40287769784172
627,0.001813021976557444,0.14465408805031446,0.5305895439377085,3.827120663427655e-05,3.840677199262863e-05,213.34782608695653
682,0.00577571395361435,0.4947589098532495,0.6588397790055248,0.006839315753852872,0.006833705054285354,132.60169491525423
738,0.002526225304224922,0.2159329140461216,0.5501730103806228,0.0002151067130216302,0.00021614433118333077,184.70873786407768
757,0.002024961604481004,0.16771488469601678,0.5323660714285714,5.832801702707162e-05,5.996519199830195e-05,198.875
880,0.0022688491683270405,0.18867924528301888,0.5408163265306123,0.00014598740125158806,0.00014544662187519964,192.0222222222222
110,0.0010853272982148674,0.07337526205450734,0.4937888198757764,1.1564108217346384e-05,1.1592038736881304e-05,212.31428571428572
600,0.0008644368328590574,0.050314465408805034,0.48673469387755103,1.421750861983324e-05,1.527094471879132e-05,219.70833333333334
806,0.0007378854195705163,0.039832285115303984,0.48377281947261663,0.0,0.0,262.10526315789474
899,0.0004687397152643451,0.014675052410901468,0.4560229445506692,0.0,0.0,254.42857142857142
217,0.00033844970008350484,0.0020964360587002098,0.43089430894308944,0.0,0.0,325.0
746,0.0003867174364488961,0.006289308176100629,0.4512771996215705,0.0,0.0,303.3333333333333
87,0.0033120568155926367,0.29140461215932917,0.5767835550181378,0.0005625043765414826,0.0005602199981575486,171.20863309352518
373,0.004168095455396059,0.3731656184486373,0.6076433121019108,0.0013380470923643572,0.001334445143632808,155.85955056179776
393,0.0061521867036592685,0.4926624737945493,0.6579310344827586,0.012768726806092786,0.012766787728109063,133.72765957446808
506,0.003933225936838225,0.35220125786163525,0.6007556675062973,0.0009580019639916527,0.0009528096222646399,162.91071428571428
536,0.0023613112134495996,0.20125786163522014,0.5463917525773195,9.591853550772329e-05,9.608284464788112e-05,189.02083333333334
709,0.0013877598174670133,0.10272536687631027,0.5134553283100107,1.3320384628206144e-05,1.2840887559259997e-05,216.9387755102041
346,0.0037024600075210284,0.32704402515723274,0.5903465346534653,0.0009776019920582375,0.000976447796133235,162.91666666666666
846,0.003328889217702657,0.29559748427672955,0.5802919708029197,0.00044842083882615816,0.00044675030257339965,174.12765957446808
342,0.001969843937630562,0.15932914046121593,0.5335570469798657,7.647028380612479e-05,7.712798642632458e-05,203.97368421052633
537,0.005340413521483443,0.39412997903563946,0.6154838709677419,0.015188290810927025,0.015006731594898487,138.2659574468085
747,0.0028142362844977634,0.2368972746331237,0.5578947368421052,0.0005914272607328683,0.0005959568721599881,172.95575221238937
463,0.0005645920178544971,0.01886792452830189,0.4560229445506692,4.76647535471065e-06,4.76647535471065e-06,208.0
795,0.0006865594005399053,0.03563941299790357,0.47557328015952144,0.0,0.0,247.52941176470588
269,0.003744395048627878,0.3165618448637317,0.5852760736196319,0.0020889254420689393,0.0020886103106981034,153.19205298013244
104,0.0006165435039918146,0.023060796645702306,0.4649122807017544,1.2063825931345951e-05,1.4889685290508712e-05,188.1818181818182
432,0.0003698470368407668,0.0041928721174004195,0.44372093023255815,0.0,0.0,274.0
221,0.0020646303219836876,0.169811320754717,0.5329608938547487,7.174980558634032e-05,7.197241083491117e-05,193.62962962962962
267,0.0037027474163115505,0.3312368972746331,0.5888888888888889,0.0007627558707353528,0.0007605354667792241,161.65822784810126
453,0.0024394252923103732,0.20545073375262055,0.5438996579247435,0.0002593458174813864,0.00026141779383365735,181.40816326530611
595,0.00046387686846820127,0.012578616352201259,0.4626576139670223,1.5441196446876659e-06,1.81481505143045e-06,241.66666666666666
534,0.00034116897318760904,0.0020964360587002098,0.3444043321299639,0.0,0.0,60.0
606,0.004795309686074204,0.41928721174004197,0.6251638269986893,0.0033254256110168195,0.003318665341641189,147.415
586,0.0017761756402416655,0.14255765199161427,0.5224534501642936,4.3673801481739226e-05,4.394349885809934e-05,196.19117647058823
102,0.0025159603351852374,0.21174004192872117,0.5426621160409556,0.00041745246474339753,0.0004274868782943807,171.35643564356437
318,0.002072475711402259,0.1719077568134172,0.5389830508474577,4.924097489862508e-05,4.9042552965186534e-05,200.0609756097561
527,0.001742614061054501,0.13836477987421383,0.5236004390779363,1.8694404696682505e-05,1.8658606795976113e-05,206.57575757575756
854,0.001129495870245625,0.07337526205450734,0.5052966101694916,6.0460868107264785e-05,6.494435459292269e-05,233.31428571428572
328,0.005036387092479328,0.4255765199161426,0.6284584980237155,0.00661871564352048,0.006613542279727913,146.33004926108376
334,0.006710239120615226,0.5429769392033543,0.6824034334763949,0.01497825532210974,0.01496148425822487,124.52123552123552
659,0.002186503445693797,0.18238993710691825,0.5408163265306123,6.604127991848534e-05,6.600983537070979e-05,199.09195402298852
889,0.0025511399630675537,0.22012578616352202,0.5533642691415314,9.263789456017592e-05,9.235435640017222e-05,194.46666666666667
608,0.0016669225375906787,0.11740041928721175,0.520174482006543,0.0011261052683634195,0.0011977220144457935,207.32142857142858
629,0.0014447840959664992,0.1069182389937107,0.5167930660888408,1.3691319097540276e-05,1.3350546411759432e-05,216.88235294117646
690,0.0006980993210806495,0.03563941299790357,0.4808467741935484,0.0,0.0,258.11764705882354
707,0.0011447403793372812,0.07966457023060797,0.4979123173277662,2.7890461816085216e-06,2.9031270860805355e-06,217.76315789473685
538,0.0010346720597786169,0.06918238993710692,0.49739311783107404,1.3650474731139175e-06,1.350237170981139e-06,232.66666666666666
84,0.0006797905650377067,0.033542976939203356,0.48377281947261663,0.0,0.0,258.625
412,0.00035686079954407263,0.0041928721174004195,0.42063492063492064,0.0,0.0,249.0
881,0.001451755850766166,0.10901467505241091,0.5190424374319913,8.78470129884021e-06,8.63522360945317e-06,225.42307692307693
352,0.0004267698734269714,0.0020964360587002098,0.31694352159468436,0.0,0.0,6.0
421,0.0007966056543330109,0.012578616352201259,0.46355685131195334,0.004192872117400424,0.004192872117400423,239.16666666666666
875,0.00034296100321396504,0.0020964360587002098,0.43482224247948953,0.0,0.0,339.0
264,0.0011485539358479858,0.07966457023060797,0.501577287066246,2.8441911215203913e-06,2.845623931150087e-06,213.47368421052633
315,0.0010221294720703187,0.06708595387840671,0.4937888198757764,6.253146495179576e-06,6.338899418169046e-06,223.75
457,0.006403785126307564,0.5408805031446541,0.6785206258890469,0.00965496370400324,0.009650621631461194,125.98449612403101
504,0.003505757779264122,0.31236897274633124,0.5852760736196319,0.0005867502439600399,0.0005854559206710842,171.04697986577182
524,0.0038478273676960575,0.3438155136268344,0.59625,0.0008541321347770378,0.000852230510102348,163.359756097561
645,0.001429174344057718,0.1069182389937107,0.5129032258064516,7.938603465939828e-06,8.167457940555901e-06,217.9607843137255
758,0.003785428001922402,0.33542976939203356,0.5940224159402242,0.0009731030264789346,0.0009710908648017188,163.25
593,0.0017346197106198665,0.13836477987421383,0.5230263157894737,2.450338752869324e-05,2.458111185194885e-05,207.25757575757575
640,0.0010802240888988697,0.07337526205450734,0.5,8.027910512105507e-07,8.027910512105496e-07,229.88571428571427
115,0.0007972914504381838,0.04402515723270441,0.4917525773195876,6.724087685868913e-08,6.724087685868827e-08,263.85714285714283
625,0.0011709006773037468,0.08385744234800839,0.49584199584199584,1.0395228482218236e-06,1.031227479782883e-06,216.3
476,0.0005012358449966772,0.016771488469601678,0.4658203125,9.370803051583273e-08,9.370803051583335e-08,248.625
712,0.0010028516429433161,0.06498951781970651,0.49843260188087773,3.3751954542208136e-06,3.375195454220815e-06,200.58064516129033
7,0.007106837751563451,0.5911949685534591,0.7014705882352941,0.014632540249536186,0.014595408509493552,119.99645390070921
474,0.007917519778213552,0.5932914046121593,0.7035398230088495,0.02702449710408513,0.026986469020229675,116.87985865724382
666,0.003956661767919414,0.3459119496855346,0.5947630922693267,0.0016370221460556245,0.0016373921335487603,153.5878787878788
671,0.0006095880333171811,0.02725366876310273,0.47087857847976305,8.808554868488277e-08,8.808554868488284e-08,248.46153846153845
833,0.000995421181552989,0.06498951781970651,0.4948132780082988,1.7225707723842172e-06,1.742305242674795e-06,228.2258064516129
21,0.0008074868060738369,0.031446540880503145,0.4818181818181818,0.0004227214380897013,0.0005246795834210246,225.66666666666666
255,0.00044184627654058104,0.006289308176100629,0.39552238805970147,1.3551622874597348e-06,1.3551622874597359e-06,89.0
437,0.0041192757294127354,0.36268343815513626,0.6037974683544304,0.0017569047563289098,0.0017527508282309515,156.47398843930637
28,0.0006650250139023976,0.033542976939203356,0.47087857847976305,0.0,0.0,236.375
218,0.00035906073380164864,0.0041928721174004195,0.43363636363636365,0.0,0.0,283.0
741,0.0007657167806180759,0.041928721174004195,0.48723186925434114,0.0,0.0,255.75
188,0.0017251061649371953,0.13626834381551364,0.5236004390779363,3.323628169707787e-05,3.2976421361282445e-05,205.4923076923077
892,0.0010834481343210455,0.07337526205450734,0.5021052631578947,5.713650807985486e-07,5.713650807985474e-07,234.37142857142857
372,0.00034011359537796233,0.0020964360587002098,0.3837489943684634,0.0,0.0,197.0
270,0.0007528467212583984,0.039832285115303984,0.48723186925434114,8.354576732854769e-07,8.354576732854752e-07,226.0
90,0.004943868837833827,0.3878406708595388,0.6123234916559692,0.00887504095132448,0.008877417625740451,140.56756756756758
409,0.0024416079939390944,0.20545073375262055,0.5470183486238532,0.00019746075325062227,0.00019774277994787917,182.44897959183675
76,0.0004544947708726555,0.012578616352201259,0.44537815126050423,3.1304913135558823e-07,3.211452295803011e-07,208.0
116,0.0007412151439217885,0.025157232704402517,0.4750996015936255,0.0004286842736933741,0.0006617052401389035,239.08333333333334
323,0.0007832793587292195,0.04402515723270441,0.48328267477203646,2.536017246727155e-07,2.536017246727149e-07,245.1904761904762
664,0.0021629412486496614,0.18029350104821804,0.5402038505096263,5.503848354174626e-05,5.522668717075381e-05,197.3372093023256
847,0.0004222667291885007,0.010482180293501049,0.44166666666666665,0.0,0.0,256.4
354,0.003076000126061554,0.25995807127882603,0.5651658767772512,0.0009785582092806887,0.0009817480337083935,166.74193548387098
442,0.0018243187181855658,0.14675052410901468,0.5230263157894737,5.741657557327917e-05,5.7538976571381335e-05,194.82857142857142
496,0.0007009447529798087,0.03773584905660378,0.4671890303623898,0.0,0.0,227.83333333333334
566,0.0017259346269134393,0.13836477987421383,0.5230263157894737,7.820766766713744e-06,7.802277590281649e-06,214.0
815,0.0014331419849168802,0.1069182389937107,0.5145631067961165,1.674486591835667e-05,1.692744896223013e-05,216.88235294117646
321,0.0013713378437659911,0.10272536687631027,0.5021052631578947,1.611026273527663e-05,1.6157000845735386e-05,192.0408163265306
840,0.001194458790732933,0.08385744234800839,0.5047619047619047,2.2941687595550466e-06,2.3000855494352045e-06,221.7
37,0.0004402490967070021,0.010482180293501049,0.4662756598240469,0.0,0.0,310.0
57,0.0012209093007024652,0.07966457023060797,0.501577287066246,7.70054337693304e-05,8.401342613849798e-05,196.23684210526315
294,0.0015286217260243676,0.09643605870020965,0.5063694267515924,0.0004480237742382165,0.0004883312119230338,173.2173913043478
499,0.001028073442152506,0.06708595387840671,0.5,1.9434701145387455e-06,1.925629481482858e-06,232.5
693,0.0013831334396104096,0.10272536687631027,0.5129032258064516,6.9321609072820095e-06,7.066888949081262e-06,219.26530612244898
932,0.0004134135635151231,0.008385744234800839,0.4551526717557252,0.0,0.0,304.75
190,0.00043033883971911027,0.010482180293501049,0.45170454545454547,0.0,0.0,263.8
501,0.00046106516070967677,0.012578616352201259,0.45213270142180095,7.492472535073341e-07,7.078770326577758e-07,202.16666666666666
348,0.0003358310756492574,0.0020964360587002098,0.37559055118110235,0.0,0.0,173.0
540,0.0003901251627846248,0.006289308176100629,0.4380165289256198,0.0,0.0,200.33333333333334
14,0.0010486278362989445,0.06918238993710692,0.4963579604578564,9.335433772144097e-06,9.789727534920701e-06,218.15151515151516
60,0.0047257759157678094,0.41509433962264153,0.62109375,0.0029973498712102995,0.002993803258351286,144.65151515151516
118,0.0005669248827248299,0.023060796645702306,0.46948818897637795,0.0,0.0,246.45454545454547
119,0.0019452128298524706,0.1530398322851153,0.5311804008908686,0.00022172484219494816,0.00022588953010640856,193.54794520547946
214,0.0019839265361464744,0.16142557651991615,0.5317725752508361,0.00012926471806547544,0.0001347153079505137,197.15584415584416
397,0.0009000286179729173,0.05450733752620546,0.4932781799379524,3.416076226469383e-06,3.5243694837773937e-06,229.26923076923077
452,0.002966360632972632,0.2578616352201258,0.5651658767772512,0.00040784276143325407,0.00040738783394704764,177.35772357723576
548,0.0008951452900470303,0.052410901467505246,0.4937888198757764,4.373446141623857e-06,4.63535940962334e-06,225.4
786,0.0012482573251531362,0.09014675052410902,0.5047619047619047,9.511558085649641e-06,9.525193619501789e-06,212.0
69,0.0005473143384205398,0.020964360587002098,0.47181008902077154,0.0,0.0,272.2
825,0.000436333951575602,0.008385744234800839,0.45,0.0,0.0,206.5
176,0.0003435409728435576,0.0020964360587002098,0.4404432132963989,0.0,0.0,351.0
359,0.0003435409728435576,0.0020964360587002098,0.4404432132963989,0.0,0.0,351.0
367,0.0003681831415463093,0.0041928721174004195,0.4512771996215705,0.0,0.0,338.0
838,0.00037269444467676944,0.0041928721174004195,0.4560229445506692,0.0,0.0,345.0
233,0.0016192695846264991,0.12578616352201258,0.521311475409836,1.9938344207922664e-05,2.005038449324298e-05,207.01666666666668
391,0.001635537815609717,0.1278825995807128,0.5218818380743983,2.341710265243714e-05,2.3670827944188068e-05,213.7704918032787
601,0.0012646611362052995,0.09224318658280922,0.5052966101694916,4.538422080359805e-06,4.518581984467739e-06,221.5909090909091
542,0.0018149132821010901,0.14675052410901468,0.5270718232044199,1.7981101160593912e-05,1.7873796471239005e-05,209.75714285714287
11,0.002259587464838144,0.1907756813417191,0.5438996579247435,5.349639018659429e-05,5.338933556849692e-05,201.26373626373626
85,0.005786231452548081,0.49056603773584906,0.654320987654321,0.00885998368326696,0.008836099971818952,134.8803418803419
70,0.002489892640000234,0.2138364779874214,0.5495391705069125,0.00014134979602196428,0.0001413459566358977,186.72549019607843
748,0.0007743056814145451,0.04402515723270441,0.4798792756539235,9.080984400503378e-08,9.080984400503346e-08,246.8095238095238
721,0.0007913760464497996,0.04402515723270441,0.49124613800205974,7.567428053055557e-07,7.961603042353313e-07,243.0952380952381
24,0.0007710274247581626,0.041928721174004195,0.4887295081967213,0.0,0.0,250.6
152,0.0007028093762722857,0.03563941299790357,0.47181008902077154,1.3979667481343882e-06,1.3979667481343876e-06,173.8235294117647
239,0.0015915852910373931,0.12159329140461217,0.5162337662337663,7.605379140388197e-05,8.129761305145302e-05,195.94827586206895
661,0.0015475506193515574,0.11949685534591195,0.5196078431372549,1.247594210935277e-05,1.2500511924082573e-05,215.50877192982455
711,0.00261815886618725,0.22431865828092246,0.5552968568102444,0.0002354965408526037,0.00023529117367197136,185.0467289719626
766,0.0016245943818110026,0.1278825995807128,0.5162337662337663,2.9747571478510193e-05,3.029834216592375e-05,201.2295081967213
392,0.0007557485633676572,0.039832285115303984,0.49074074074074076,3.665192620517134e-07,3.815449876946486e-07,234.57894736842104
187,0.00045212202687570403,0.012578616352201259,0.4538534728829686,0.0,0.0,263.0
882,0.00043201007560645445,0.010482180293501049,0.452561669829222,0.0,0.0,265.6
237,0.0005082392509447187,0.01886792452830189,0.4441340782122905,0.0,0.0,206.55555555555554
605,0.0006534368699137094,0.031446540880503145,0.47557328015952144,2.8750144362427016e-07,2.875014436242701e-07,232.66666666666666
15,0.00044658678606338903,0.008385744234800839,0.44662921348314605,1.668652961434132e-05,1.971312992576844e-05,203.0
164,0.0003995151153876637,0.0041928721174004195,0.352549889135255,0.0,0.0,50.5
316,0.0003604120882382645,0.0041928721174004195,0.38812042310821804,0.0,0.0,131.5
236,0.0013683591958527257,0.10062893081761007,0.5140086206896551,8.656189342284891e-06,8.715101477952508e-06,219.16666666666666
694,0.0024582213798794673,0.20964360587002098,0.5489067894131185,0.00014914378101863347,0.00014912199812867324,185.68
867,0.0004595563180384199,0.012578616352201259,0.4671890303623898,0.0,0.0,283.3333333333333
121,0.0003600019801945083,0.0041928721174004195,0.42324755989352264,0.0,0.0,254.0
383,0.0006079283783459905,0.02725366876310273,0.4644595910418695,0.0,0.0,219.30769230769232
851,0.0006243936031957568,0.02725366876310273,0.46995073891625616,9.390983221840922e-07,9.007251193803929e-07,218.6153846153846
573,0.00035895526709417273,0.0041928721174004195,0.40561224489795916,0.0,0.0,211.0
469,0.0003365142275183946,0.0020964360587002098,0.3800796812749004,0.0,0.0,185.0
498,0.0011451907445381463,0.08176100628930819,0.48723186925434114,1.5728821840058574e-06,1.6242196254397913e-06,204.7948717948718
215,0.0022008502597316844,0.18448637316561844,0.5432801822323462,7.694081484797648e-05,7.710520214902296e-05,198.4090909090909
8,0.000535345513072844,0.01886792452830189,0.47557328015952144,2.7526733964025864e-07,2.7526733964025864e-07,258.1111111111111
224,0.0008264223015318298,0.04821802935010482,0.48723186925434114,1.6229419889540603e-07,1.622941988954054e-07,237.17391304347825
466,0.0006347239013629324,0.029350104821802937,0.4798792756539235,0.0,0.0,256.0
329,0.00035934968416775236,0.0041928721174004195,0.42934293429342935,0.0,0.0,275.0
686,0.0007662498394286544,0.041928721174004195,0.48623853211009177,1.1150069453782629e-07,1.1150069453782688e-07,237.3
862,0.0007919571788139615,0.04402515723270441,0.49074074074074076,4.4988447132887793e-07,4.4988447132887713e-07,251.8095238095238
272,0.00045008780415981475,0.012578616352201259,0.4547187797902765,0.0,0.0,274.3333333333333
639,0.0006377961222136889,0.031446540880503145,0.4487300094073377,0.0,0.0,203.66666666666666
361,0.0016221465881695062,0.12578616352201258,0.5236004390779363,7.78701758079813e-06,7.755100248887324e-06,217.08333333333334
370,0.0005199450120804885,0.01886792452830189,0.46131528046421666,0.0,0.0,222.0
135,0.0004482868080117736,0.012578616352201259,0.452991452991453,0.0,0.0,278.3333333333333
288,0.0005395971292596517,0.020964360587002098,0.4626576139670223,0.0,0.0,251.3
913,0.00036461289385959046,0.0041928721174004195,0.4441340782122905,0.0,0.0,286.5
669,0.00036361341795844036,0.0041928721174004195,0.4320652173913043,0.0,0.0,255.0
894,0.0005999808497433932,0.025157232704402517,0.4750996015936255,4.082614234051604e-06,4.1600580207917886e-06,223.5
138,0.00038459243384054997,0.006289308176100629,0.43482224247948953,0.0,0.0,278.0
480,0.00038095181125932874,0.006289308176100629,0.43363636363636365,0.0,0.0,263.0
123,0.00034296100321396504,0.0020964360587002098,0.43482224247948953,0.0,0.0,339.0
552,0.00035968897083883233,0.0041928721174004195,0.42780269058295967,0.0,0.0,281.0
615,0.0007225071951408534,0.03773584905660378,0.48230535894843274,2.282268520993957e-07,2.1731632076862457e-07,246.38888888888889
591,0.000742559834974752,0.039832285115303984,0.48574338085539714,0.0,0.0,252.94736842105263
52,0.00040388644347538435,0.008385744234800839,0.43721356553620533,0.0,0.0,243.0
704,0.00038208873320052806,0.006289308176100629,0.43089430894308944,0.0,0.0,223.0
195,0.00044407567354243075,0.010482180293501049,0.47134387351778656,0.0,0.0,295.4
185,0.0003356726259163188,0.0020964360587002098,0.3856103476151981,0.0,0.0,202.0
137,0.0003393475477908562,0.0020964360587002098,0.4147826086956522,0.0,0.0,283.0
277,0.00036247775050386066,0.0020964360587002098,0.3285123966942149,0.0,0.0,24.0
12,0.00038942421774858504,0.006289308176100629,0.4474671669793621,0.0,0.0,264.0
843,0.0005072079229262962,0.01886792452830189,0.4433085501858736,0.0,0.0,211.0
436,0.0010330568296627537,0.06708595387840671,0.5031645569620253,1.8771852750900087e-06,1.8566378469225618e-06,243.8125
776,0.0003388855217315096,0.0020964360587002098,0.424,0.0,0.0,307.0
283,0.0003435409728435576,0.0020964360587002098,0.4404432132963989,0.0,0.0,351.0
683,0.0003388855217315096,0.0020964360587002098,0.424,0.0,0.0,307.0
780,0.00033757192810591086,0.0020964360587002098,0.41334488734835356,0.0,0.0,283.0
91,0.0010162697500821125,0.06498951781970651,0.5021052631578947,9.281703959364962e-06,9.377250660920843e-06,217.06451612903226
619,0.00041582190101772324,0.008385744234800839,0.45085066162570886,0.0,0.0,248.5
426,0.0009024326405590746,0.05660377358490566,0.48133198789101916,2.6360556921834507e-06,2.6240853036555096e-06,201.03703703703704
835,0.00040358225145531717,0.008385744234800839,0.43284936479128855,0.0,0.0,249.25
903,0.0003389314939217738,0.0020964360587002098,0.4210061782877317,0.0,0.0,304.0
371,0.0003389314939217738,0.0020964360587002098,0.4210061782877317,0.0,0.0,304.0
708,0.00036182884896466134,0.0041928721174004195,0.4069965870307167,0.0,0.0,162.5
75,0.0004047997541414641,0.0041928721174004195,0.4457943925233645,9.48111368096939e-06,1.0637764346925308e-05,194.0
186,0.00034011359537796233,0.0020964360587002098,0.3837489943684634,0.0,0.0,197.0
579,0.0003558810667025603,0.0041928721174004195,0.41120689655172415,0.0,0.0,224.5
48,0.0004257155456844832,0.010482180293501049,0.44662921348314605,0.0,0.0,260.2
934,0.0003388855217315096,0.0020964360587002098,0.424,0.0,0.0,307.0
154,0.0003615338082320316,0.0041928721174004195,0.43482224247948953,0.0,0.0,282.5
679,0.0003435409728435576,0.0020964360587002098,0.4404432132963989,0.0,0.0,351.0
922,0.00036589142345061634,0.0041928721174004195,0.44537815126050423,0.0,0.0,311.0
562,0.00034296100321396504,0.0020964360587002098,0.43482224247948953,0.0,0.0,339.0
617,0.00035986950552740777,0.0041928721174004195,0.4270367054610564,0.0,0.0,261.0
180,0.0003393475477908562,0.0020964360587002098,0.4147826086956522,0.0,0.0,283.0
530,0.00034296100321396504,0.0020964360587002098,0.43482224247948953,0.0,0.0,339.0
878,0.00034296100321396504,0.0020964360587002098,0.43482224247948953,0.0,0.0,339.0
848,0.00036082803711539224,0.0041928721174004195,0.42857142857142855,0.0,0.0,275.5
734,0.00034296100321396504,0.0020964360587002098,0.43482224247948953,0.0,0.0,339.0
445,0.0003992052954552712,0.0041928721174004195,0.386547811993517,0.0,0.0,112.5
890,0.00038967305729415607,0.0041928721174004195,0.3951946975973488,0.0,0.0,120.0
159,0.00034296100321396504,0.0020964360587002098,0.43482224247948953,0.0,0.0,339.0
638,0.00033503716197075717,0.0020964360587002098,0.381294964028777,0.0,0.0,192.0
717,0.00037269444467676944,0.0041928721174004195,0.4560229445506692,0.0,0.0,345.0
568,0.00033794651415736473,0.0020964360587002098,0.381294964028777,0.0,0.0,188.0
637,0.0003750663126786596,0.0020964360587002098,0.33079056865464634,0.0,0.0,37.0
168,0.00033605141660377684,0.0020964360587002098,0.3971690258118235,0.0,0.0,235.0
423,0.0003348906844654513,0.0020964360587002098,0.3862348178137652,0.0,0.0,203.0
451,0.0003750663126786596,0.0020964360587002098,0.33079056865464634,0.0,0.0,37.0
587,0.0008410301046571625,0.006289308176100629,0.452561669829222,0.004192872117400419,0.0041928721174004195,219.66666666666666
782,0.0003910772313489998,0.0041928721174004195,0.3871753246753247,0.0,0.0,107.5
489,0.0005526253762406847,0.0020964360587002098,0.31176470588235294,0.0,0.0,3.0
